disease_id,disease_name_en,category,question,purpose
D01,Acute Upper Respiratory Tract Infection (Common Cold),Respiratory,"When did the symptoms start, and did they come on suddenly or gradually?",Establish onset/acuity
D01,Acute Upper Respiratory Tract Infection (Common Cold),Respiratory,Is the nasal discharge clear/watery or thick and colored (yellow/green)?,Distinguish viral vs possible secondary bacterial infection
D01,Acute Upper Respiratory Tract Infection (Common Cold),Respiratory,"Do you have a fever? If yes, how high and for how long?","Assess severity, rule out complications"
D01,Acute Upper Respiratory Tract Infection (Common Cold),Respiratory,"Is there any shortness of breath, chest pain, or wheezing?","Screen for lower respiratory involvement (pneumonia, asthma)"
D01,Acute Upper Respiratory Tract Infection (Common Cold),Respiratory,Do you have ear pain or reduced hearing?,Screen for otitis media as a complication
D01,Acute Upper Respiratory Tract Infection (Common Cold),Respiratory,Have you been in contact with anyone with similar symptoms recently?,Assess exposure/transmission pattern
D01,Acute Upper Respiratory Tract Infection (Common Cold),Respiratory,"Do you smoke, or is anyone in your household a smoker?",Identify irritant exposure and risk of prolonged symptoms
D01,Acute Upper Respiratory Tract Infection (Common Cold),Respiratory,"Do you have any chronic lung disease, heart disease, or immune-suppressing condition?",Identify risk factors for complications
D01,Acute Upper Respiratory Tract Infection (Common Cold),Respiratory,Have you tried any medication already? Did it help?,"Guide further management, avoid duplicate therapy"
D02,Essential (Primary) Hypertension,Cardiovascular,Have you ever been told you have high blood pressure before? When was it diagnosed?,Establish known vs new diagnosis
D02,Essential (Primary) Hypertension,Cardiovascular,Are you currently taking any blood pressure medication? Do you take it regularly?,Assess adherence and control
D02,Essential (Primary) Hypertension,Cardiovascular,"Do you have headaches, dizziness, or blurred vision?",Screen for hypertensive symptoms/urgency
D02,Essential (Primary) Hypertension,Cardiovascular,"Do you experience chest pain, palpitations, or shortness of breath, especially on exertion?",Screen for hypertensive heart disease
D02,Essential (Primary) Hypertension,Cardiovascular,"Do you have a family history of hypertension, stroke, or heart disease?",Assess genetic/familial risk
D02,Essential (Primary) Hypertension,Cardiovascular,"How much salty food do you typically eat, and do you smoke or drink alcohol?",Identify modifiable lifestyle risk factors
D02,Essential (Primary) Hypertension,Cardiovascular,"Do you have diabetes, high cholesterol, or kidney disease?",Assess comorbidities/cardiovascular risk
D02,Essential (Primary) Hypertension,Cardiovascular,Have you had any swelling in your legs or changes in how much you urinate?,Screen for heart failure or renal involvement
D02,Essential (Primary) Hypertension,Cardiovascular,Do you check your blood pressure at home? What are typical readings?,Assess control and monitoring habits
D03,Dental Pulp and Periapical Disease,Dental/Oral,"Which tooth or area is painful, and how long has the pain been present?",Localize and establish duration
D03,Dental Pulp and Periapical Disease,Dental/Oral,"Is the pain constant or does it come and go? Is it worse with hot, cold, or sweet food?",Differentiate reversible vs irreversible pulpitis
D03,Dental Pulp and Periapical Disease,Dental/Oral,Does the pain wake you up at night or get worse when lying down?,Suggests irreversible pulpitis/abscess
D03,Dental Pulp and Periapical Disease,Dental/Oral,Is there any swelling of the face or gums?,Assess for spreading infection/abscess
D03,Dental Pulp and Periapical Disease,Dental/Oral,Do you have a fever or feel generally unwell?,Screen for systemic spread of infection
D03,Dental Pulp and Periapical Disease,Dental/Oral,Have you had any recent dental treatment or trauma to the tooth?,Identify precipitating cause
D03,Dental Pulp and Periapical Disease,Dental/Oral,Do you have difficulty opening your mouth or swallowing?,Screen for deep space infection (emergency)
D04,Dyspepsia (Functional/Uninvestigated),Gastrointestinal,"Where exactly is the discomfort, and does it relate to eating (before, during, or after meals)?",Localize and characterize meal relationship
D04,Dyspepsia (Functional/Uninvestigated),Gastrointestinal,"How long have you had these symptoms, and are they constant or intermittent?",Establish chronicity
D04,Dyspepsia (Functional/Uninvestigated),Gastrointestinal,"Have you noticed any weight loss, difficulty swallowing, or vomiting blood/black stools?",Screen for alarm features requiring urgent referral/endoscopy
D04,Dyspepsia (Functional/Uninvestigated),Gastrointestinal,"Do you regularly take NSAIDs, aspirin, steroids, or herbal/jamu preparations?",Identify gastric mucosal irritants
D04,Dyspepsia (Functional/Uninvestigated),Gastrointestinal,"How would you describe your eating pattern - do you often skip meals, eat late, or eat spicy/fatty food?",Identify contributing lifestyle factors
D04,Dyspepsia (Functional/Uninvestigated),Gastrointestinal,Do you smoke or drink coffee/alcohol regularly?,Identify additional gastric irritant exposure
D04,Dyspepsia (Functional/Uninvestigated),Gastrointestinal,Is the pain related to stress or does it improve with antacids?,Support functional dyspepsia vs organic cause
D04,Dyspepsia (Functional/Uninvestigated),Gastrointestinal,Do you have a family history of stomach cancer or peptic ulcer disease?,Assess risk stratification
D05,Type 2 Diabetes Mellitus,Endocrine/Metabolic,"Have you been diagnosed with diabetes before? If so, when, and what treatment are you on?",Establish known vs new diagnosis
D05,Type 2 Diabetes Mellitus,Endocrine/Metabolic,"Do you experience excessive thirst, frequent urination, or unexplained weight loss?",Classic hyperglycemia symptoms
D05,Type 2 Diabetes Mellitus,Endocrine/Metabolic,Do you check your blood sugar at home? What are your recent readings?,Assess current control
D05,Type 2 Diabetes Mellitus,Endocrine/Metabolic,"Do you have numbness, tingling, or pain in your feet, or any wounds that are slow to heal?",Screen for diabetic neuropathy/foot complications
D05,Type 2 Diabetes Mellitus,Endocrine/Metabolic,Have you had any changes in your vision recently?,Screen for diabetic retinopathy
D05,Type 2 Diabetes Mellitus,Endocrine/Metabolic,Do you have a family history of diabetes?,Assess genetic risk
D05,Type 2 Diabetes Mellitus,Endocrine/Metabolic,"What does your diet typically look like, and how physically active are you?","Assess lifestyle contributors, guide counseling"
D05,Type 2 Diabetes Mellitus,Endocrine/Metabolic,"Do you have high blood pressure, high cholesterol, or any history of heart or kidney problems?",Assess associated cardiometabolic risk
D05,Type 2 Diabetes Mellitus,Endocrine/Metabolic,"Are you taking your medications regularly, and have you had any episodes of very low blood sugar (shakiness, sweating, confusion)?",Assess adherence and hypoglycemia risk
D06,Hypertensive Heart Disease,Cardiovascular,"How long have you had high blood pressure, and has it been well controlled?",Establish chronicity and control history
D06,Hypertensive Heart Disease,Cardiovascular,"Do you get short of breath with activity, or when lying flat at night?",Screen for heart failure symptoms
D06,Hypertensive Heart Disease,Cardiovascular,Have you noticed swelling in your legs or ankles?,Screen for fluid overload/right heart strain
D06,Hypertensive Heart Disease,Cardiovascular,"Do you have chest pain or tightness, and does it relate to exertion?",Screen for concurrent ischemic heart disease
D06,Hypertensive Heart Disease,Cardiovascular,Do you wake up at night gasping for breath or needing extra pillows to sleep?,Assess for paroxysmal nocturnal dyspnea/orthopnea
D06,Hypertensive Heart Disease,Cardiovascular,Are you taking your antihypertensive medications as prescribed?,Assess adherence
D06,Hypertensive Heart Disease,Cardiovascular,"Do you have diabetes, high cholesterol, or a history of kidney disease?",Assess overall cardiovascular risk profile
D06,Hypertensive Heart Disease,Cardiovascular,Have you had any palpitations or episodes of dizziness/fainting?,Screen for arrhythmia
D07,Dyslipidemia,Endocrine/Metabolic,Have you ever had a cholesterol test done? What were the results?,Establish baseline/diagnosis
D07,Dyslipidemia,Endocrine/Metabolic,"Do you have a family history of high cholesterol, early heart attack, or stroke?",Assess familial hyperlipidemia risk
D07,Dyslipidemia,Endocrine/Metabolic,"What does your typical diet look like - fried foods, fatty meats, coconut milk (santan)?",Identify dietary contributors common in Javanese cuisine
D07,Dyslipidemia,Endocrine/Metabolic,Do you exercise regularly?,Assess modifiable lifestyle factor
D07,Dyslipidemia,Endocrine/Metabolic,"Do you have diabetes, hypertension, or thyroid problems?",Identify secondary causes/associated conditions
D07,Dyslipidemia,Endocrine/Metabolic,Are you currently taking any cholesterol-lowering medication? Any muscle pain since starting it?,Assess treatment and statin side effects
D07,Dyslipidemia,Endocrine/Metabolic,Do you smoke or drink alcohol?,Assess additional cardiovascular risk factors
D08,Myalgia / Non-specific Soft Tissue Pain ('Rematik'),Musculoskeletal,"Which muscles or joints are affected, and is it one-sided or both sides?",Localize and assess symmetry
D08,Myalgia / Non-specific Soft Tissue Pain ('Rematik'),Musculoskeletal,"How long have you had this pain, and did it start suddenly or gradually?",Establish onset/chronicity
D08,Myalgia / Non-specific Soft Tissue Pain ('Rematik'),Musculoskeletal,"Is there any swelling, redness, or warmth over the joint?",Screen for inflammatory or infectious arthritis
D08,Myalgia / Non-specific Soft Tissue Pain ('Rematik'),Musculoskeletal,"Is the stiffness worse in the morning, and how long does it last?",Differentiate inflammatory vs mechanical cause
D08,Myalgia / Non-specific Soft Tissue Pain ('Rematik'),Musculoskeletal,Does activity make it better or worse?,Differentiate mechanical (worse with use) vs inflammatory (better with use)
D08,Myalgia / Non-specific Soft Tissue Pain ('Rematik'),Musculoskeletal,"Have you had any recent injury, unusual physical activity, or repetitive strain?",Identify precipitating trauma/overuse
D08,Myalgia / Non-specific Soft Tissue Pain ('Rematik'),Musculoskeletal,"Do you have fever, weight loss, or fatigue along with the pain?",Screen for systemic inflammatory/infectious cause
D08,Myalgia / Non-specific Soft Tissue Pain ('Rematik'),Musculoskeletal,"Do you have a history of gout, high uric acid, or similar episodes before?",Assess for recurrent gout
D09,Acute Diarrhea / Gastroenteritis,Gastrointestinal/Infectious,"How many times a day are you passing loose stools, and since when?",Quantify severity and duration
D09,Acute Diarrhea / Gastroenteritis,Gastrointestinal/Infectious,Is there any blood or mucus in the stool?,Screen for dysentery/invasive infection
D09,Acute Diarrhea / Gastroenteritis,Gastrointestinal/Infectious,"Do you have fever, vomiting, or abdominal cramping?",Assess associated symptoms and severity
D09,Acute Diarrhea / Gastroenteritis,Gastrointestinal/Infectious,"Have you eaten any food or water from a questionable source recently, or eaten out?",Identify likely source/exposure
D09,Acute Diarrhea / Gastroenteritis,Gastrointestinal/Infectious,"Are you able to keep fluids down, and how much are you urinating?",Assess hydration status
D09,Acute Diarrhea / Gastroenteritis,Gastrointestinal/Infectious,Is anyone else at home or nearby with similar symptoms?,Assess for outbreak/common source
D09,Acute Diarrhea / Gastroenteritis,Gastrointestinal/Infectious,Have you traveled recently or taken any antibiotics recently?,Identify travel-related or antibiotic-associated causes
D09,Acute Diarrhea / Gastroenteritis,Gastrointestinal/Infectious,"Do you feel dizzy when standing, or notice a very dry mouth?",Screen for dehydration
D10,HIV Infection,Infectious,Have you been tested for HIV before? What was the result and when?,Establish diagnostic history
D10,HIV Infection,Infectious,"Have you had any risk exposures - unprotected sex, shared needles, blood transfusion?",Assess risk factors (asked with sensitivity and confidentiality)
D10,HIV Infection,Infectious,"Have you had recurrent fevers, weight loss, or night sweats?",Screen for constitutional symptoms of HIV progression
D10,HIV Infection,Infectious,Have you noticed white patches in your mouth or frequent skin infections?,Screen for opportunistic infection signs
D10,HIV Infection,Infectious,Are you currently on antiretroviral therapy (ART)? Are you taking it consistently?,Assess treatment status and adherence
D10,HIV Infection,Infectious,Have you had any cough lasting more than 2 weeks?,"Screen for TB co-infection, common in Indonesia"
D10,HIV Infection,Infectious,Do you have a partner or family member who is HIV positive?,Assess household/partner context and need for partner testing
D11,Pulmonary Tuberculosis,Infectious/Respiratory,"How long have you had a cough, and has it changed in character?",Screen duration - >2 weeks triggers TB workup per national guidelines
D11,Pulmonary Tuberculosis,Infectious/Respiratory,Have you coughed up blood or blood-streaked sputum?,"Assess for hemoptysis, a red flag"
D11,Pulmonary Tuberculosis,Infectious/Respiratory,"Do you have fevers, especially at night, or night sweats?",Classic constitutional TB symptoms
D11,Pulmonary Tuberculosis,Infectious/Respiratory,Have you lost weight recently without trying?,Assess constitutional symptom burden
D11,Pulmonary Tuberculosis,Infectious/Respiratory,Have you been in close contact with anyone diagnosed with TB?,Assess exposure history
D11,Pulmonary Tuberculosis,Infectious/Respiratory,Have you ever been treated for TB before? Did you complete the full course?,Screen for relapse or drug-resistant TB risk
D11,Pulmonary Tuberculosis,Infectious/Respiratory,Do you know your HIV status?,"Assess co-infection risk, affects management urgency"
D11,Pulmonary Tuberculosis,Infectious/Respiratory,"Do you live in a crowded household, or work/live in close quarters with others?",Assess transmission risk environment
D11,Pulmonary Tuberculosis,Infectious/Respiratory,Have you had chest pain or shortness of breath?,Assess pulmonary involvement severity
D12,Dengue Fever / Dengue Hemorrhagic Fever,Infectious,"When did the fever start, and has it been continuous or come and go?",Establish day of illness - critical for dengue phase assessment
D12,Dengue Fever / Dengue Hemorrhagic Fever,Infectious,"Do you have severe headache, pain behind the eyes, or muscle/joint pain?",Classic dengue symptom triad
D12,Dengue Fever / Dengue Hemorrhagic Fever,Infectious,"Have you noticed any rash, bleeding gums, nosebleeds, or unusual bruising?",Screen for warning signs of bleeding tendency
D12,Dengue Fever / Dengue Hemorrhagic Fever,Infectious,Have you had persistent vomiting or severe abdominal pain?,WHO warning sign for progression to severe dengue
D12,Dengue Fever / Dengue Hemorrhagic Fever,Infectious,"Has your fever suddenly gone down, and if so, how are you feeling now?","Assess for critical phase, when plasma leakage risk is highest"
D12,Dengue Fever / Dengue Hemorrhagic Fever,Infectious,Has anyone in your neighborhood or household recently had dengue?,Assess local outbreak exposure
D12,Dengue Fever / Dengue Hemorrhagic Fever,Infectious,"How much are you able to drink, and how often are you urinating?",Assess hydration and early shock signs
D12,Dengue Fever / Dengue Hemorrhagic Fever,Infectious,Have you had dengue before?,Prior infection raises risk of more severe secondary dengue
D13,Typhoid Fever,Infectious,"How long have you had fever, and does it tend to rise through the day/week?",Typhoid classically shows a stepwise fever pattern over days
D13,Typhoid Fever,Infectious,"Do you have abdominal pain, constipation, or diarrhea?",Assess GI involvement
D13,Typhoid Fever,Infectious,Have you eaten food from street vendors or unclean water sources recently?,Identify likely exposure source
D13,Typhoid Fever,Infectious,"Do you have a headache, loss of appetite, or generally feel very unwell?",Assess constitutional symptom severity
D13,Typhoid Fever,Infectious,Has anyone around you had a similar prolonged fever recently?,Assess for common-source outbreak
D13,Typhoid Fever,Infectious,Have you taken any antibiotics already for this illness?,"Assess partial treatment, may affect test results and choice of therapy"
D13,Typhoid Fever,Infectious,Have you had typhoid fever before?,Assess for relapse or chronic carrier state
D13,Typhoid Fever,Infectious,Do you have severe abdominal pain or notice blood in your stool?,Screen for intestinal perforation/bleeding - a surgical emergency
D14,Bronchial Asthma,Respiratory,"How often do you experience wheezing, breathlessness, or chest tightness?",Assess symptom frequency for control classification
D14,Bronchial Asthma,Respiratory,"Do symptoms wake you up at night, and how often?",Nocturnal symptoms indicate poor control
D14,Bronchial Asthma,Respiratory,"What triggers your symptoms - exercise, cold air, dust, smoke, or specific allergens?",Identify triggers for avoidance counseling
D14,Bronchial Asthma,Respiratory,"Do you or does anyone in your family have a history of asthma, eczema, or allergies?",Assess atopic predisposition
D14,Bronchial Asthma,Respiratory,"Are you currently using any inhalers? How often, and do you use a reliever or controller inhaler?",Assess current management and technique needs
D14,Bronchial Asthma,Respiratory,How many times have you needed emergency treatment or hospitalization for breathing problems?,Assess severity and prior exacerbation history
D14,Bronchial Asthma,Respiratory,Does your breathlessness limit your daily activities or work?,Assess functional impact/control
D14,Bronchial Asthma,Respiratory,"Do you smoke, or are you exposed to smoke/biomass fuel at home?",Identify aggravating exposures
D15,Community-Acquired Pneumonia,Respiratory/Infectious,"How long have you had cough and fever, and is the cough productive?",Establish onset and character
D15,Community-Acquired Pneumonia,Respiratory/Infectious,"What color is the sputum, and have you coughed up any blood?",Assess for bacterial infection or complications
D15,Community-Acquired Pneumonia,Respiratory/Infectious,Do you have chest pain that worsens with breathing or coughing?,Screen for pleuritic involvement
D15,Community-Acquired Pneumonia,Respiratory/Infectious,"Are you breathing faster than usual, or feeling short of breath at rest?",Assess severity/respiratory compromise
D15,Community-Acquired Pneumonia,Respiratory/Infectious,"Do you have any chronic lung disease, heart disease, diabetes, or are you elderly/very young?",Identify risk factors for severe disease
D15,Community-Acquired Pneumonia,Respiratory/Infectious,"Have you felt confused, extremely weak, or unable to carry out normal activities?",Screen for severity markers requiring hospitalization
D15,Community-Acquired Pneumonia,Respiratory/Infectious,Have you had a flu or COVID-like illness recently before these symptoms started?,Identify possible viral precursor/co-infection
D16,Gastritis / Peptic Ulcer Disease,Gastrointestinal,"Where is the pain located, and does eating make it better or worse?",Differentiate gastric vs duodenal ulcer pattern
D16,Gastritis / Peptic Ulcer Disease,Gastrointestinal,"How long have you had this pain, and is it a new problem or recurring?",Assess chronicity
D16,Gastritis / Peptic Ulcer Disease,Gastrointestinal,"Do you take NSAIDs (like ibuprofen), aspirin, or steroids regularly?","Identify mucosal irritant use, major risk factor"
D16,Gastritis / Peptic Ulcer Disease,Gastrointestinal,"Have you vomited blood, or noticed black/tarry stools?",Screen for GI bleeding - red flag
D16,Gastritis / Peptic Ulcer Disease,Gastrointestinal,Do you smoke or drink alcohol or coffee frequently?,Identify contributing irritants
D16,Gastritis / Peptic Ulcer Disease,Gastrointestinal,"Have you been diagnosed with H. pylori infection before, or has anyone in your family had stomach ulcers or stomach cancer?",Assess infectious/familial risk
D16,Gastritis / Peptic Ulcer Disease,Gastrointestinal,Have you lost weight unintentionally or had difficulty swallowing?,Screen for alarm features requiring endoscopy referral
D17,Gastroesophageal Reflux Disease (GERD),Gastrointestinal,Do you feel a burning sensation rising from your stomach to your chest or throat?,Confirm classic heartburn symptom
D17,Gastroesophageal Reflux Disease (GERD),Gastrointestinal,"Are symptoms worse after eating, lying down, or bending over?",Confirm positional/postprandial reflux pattern
D17,Gastroesophageal Reflux Disease (GERD),Gastrointestinal,"Do you have a sour or bitter taste in your mouth, especially in the morning?",Confirm regurgitation symptom
D17,Gastroesophageal Reflux Disease (GERD),Gastrointestinal,Do you have any difficulty or pain when swallowing food?,Screen for alarm feature (possible stricture/malignancy)
D17,Gastroesophageal Reflux Disease (GERD),Gastrointestinal,"Have you noticed a chronic cough, hoarseness, or throat clearing?",Screen for extra-esophageal GERD manifestations
D17,Gastroesophageal Reflux Disease (GERD),Gastrointestinal,"What is your typical diet like - fatty, spicy, or large late-night meals?",Identify dietary triggers
D17,Gastroesophageal Reflux Disease (GERD),Gastrointestinal,"Have you gained weight recently, and do you smoke?",Identify modifiable risk factors
D17,Gastroesophageal Reflux Disease (GERD),Gastrointestinal,Could this chest discomfort be related to your heart - do you have exertional chest pain?,Rule out cardiac cause of chest symptoms
D18,Osteoarthritis,Musculoskeletal,"Which joints are affected, and is the pain worse with activity or at rest?",Confirm mechanical pattern typical of OA
D18,Osteoarthritis,Musculoskeletal,How long does morning stiffness last?,Differentiate OA (<30 min) from inflammatory arthritis (>1 hour)
D18,Osteoarthritis,Musculoskeletal,Do you hear or feel grinding/clicking in the joint when you move it?,"Assess for crepitus, supportive of OA"
D18,Osteoarthritis,Musculoskeletal,"How long have you had these symptoms, and are they getting progressively worse?",Assess chronicity and progression
D18,Osteoarthritis,Musculoskeletal,"Does the joint pain limit your daily activities, walking, or work?",Assess functional impact
D18,Osteoarthritis,Musculoskeletal,"What is your weight and activity/occupation history (e.g., heavy lifting, prolonged standing)?",Assess mechanical risk factors
D18,Osteoarthritis,Musculoskeletal,Have you had any previous joint injury or surgery?,Identify secondary OA risk factors
D18,Osteoarthritis,Musculoskeletal,"Is there any redness, warmth, or swelling that came on suddenly?",Rule out an acute inflammatory or infectious process
D19,Gout / Hyperuricemia,Musculoskeletal/Metabolic,"Which joint is affected, and did the pain come on suddenly, often overnight?","Classic acute gout presentation, especially first MTP joint"
D19,Gout / Hyperuricemia,Musculoskeletal/Metabolic,Have you had similar episodes before? How often?,Assess recurrence pattern
D19,Gout / Hyperuricemia,Musculoskeletal/Metabolic,Have you had a uric acid blood test before? What was the level?,Establish biochemical confirmation
D19,Gout / Hyperuricemia,Musculoskeletal/Metabolic,"What foods do you eat regularly - organ meats, seafood, melinjo/emping, alcohol (especially beer)?",Identify dietary purine triggers
D19,Gout / Hyperuricemia,Musculoskeletal/Metabolic,Do you have fever or feel systemically unwell along with the joint pain?,Screen for septic arthritis as differential
D19,Gout / Hyperuricemia,Musculoskeletal/Metabolic,"Are you currently taking any uric-acid-lowering medication (e.g., allopurinol)? Are you taking it regularly?","Assess adherence, note starting/stopping can trigger flares"
D19,Gout / Hyperuricemia,Musculoskeletal/Metabolic,Do you have kidney disease or take diuretics?,Identify factors that raise uric acid/reduce excretion
D19,Gout / Hyperuricemia,Musculoskeletal/Metabolic,Have you noticed any hard lumps under the skin near your joints?,Screen for tophi indicating chronic gout
D20,Rheumatoid Arthritis,Musculoskeletal/Autoimmune,"Which joints are affected, and are both sides of the body involved symmetrically?",Symmetric small joint involvement is characteristic of RA
D20,Rheumatoid Arthritis,Musculoskeletal/Autoimmune,How long does your morning stiffness last?,>1 hour supports inflammatory arthritis over OA
D20,Rheumatoid Arthritis,Musculoskeletal/Autoimmune,"How long have you had these symptoms - weeks, months, or longer?",Assess chronicity for diagnostic criteria
D20,Rheumatoid Arthritis,Musculoskeletal/Autoimmune,"Do you have fatigue, low-grade fever, or unintentional weight loss?",Assess systemic inflammatory features
D20,Rheumatoid Arthritis,Musculoskeletal/Autoimmune,Does anyone in your family have rheumatoid arthritis or other autoimmune disease?,Assess familial risk
D20,Rheumatoid Arthritis,Musculoskeletal/Autoimmune,Have you noticed any joint deformity or difficulty with fine hand movements?,Assess disease progression/functional impact
D20,Rheumatoid Arthritis,Musculoskeletal/Autoimmune,"Have you had any skin rashes, dry eyes/mouth, or other symptoms besides joint pain?",Screen for overlapping autoimmune features
D21,Tension-Type Headache / Migraine,Neurological,"Can you describe the pain - is it a tight band-like pressure, or throbbing/pulsating?",Differentiate tension-type from migraine pattern
D21,Tension-Type Headache / Migraine,Neurological,Is the pain on one side or both sides of the head?,Migraine often unilateral; tension usually bilateral
D21,Tension-Type Headache / Migraine,Neurological,"Do you have nausea, vomiting, or sensitivity to light/sound with the headache?",Supports migraine diagnosis
D21,Tension-Type Headache / Migraine,Neurological,"How often do these headaches occur, and how long do they last?",Assess frequency for chronic vs episodic classification
D21,Tension-Type Headache / Migraine,Neurological,"Did this headache come on suddenly and severely, unlike your usual headaches?",Screen for red-flag 'thunderclap' headache
D21,Tension-Type Headache / Migraine,Neurological,"Do you have fever, neck stiffness, vision changes, weakness, or confusion?","Screen for secondary/dangerous causes (meningitis, stroke, mass)"
D21,Tension-Type Headache / Migraine,Neurological,"What seems to trigger your headaches - stress, lack of sleep, certain foods, menstrual cycle?",Identify trigger pattern for management
D21,Tension-Type Headache / Migraine,Neurological,How often do you take painkillers for headaches?,Screen for medication-overuse headache
D22,Vertigo (Benign Paroxysmal Positional Vertigo),Neurological/ENT,"Does the room spin, or do you feel more like you're going to faint/lightheaded?",Distinguish true vertigo from presyncope
D22,Vertigo (Benign Paroxysmal Positional Vertigo),Neurological/ENT,"What triggers the spinning sensation - specific head movements or position changes (rolling in bed, looking up)?",Screen for BPPV pattern
D22,Vertigo (Benign Paroxysmal Positional Vertigo),Neurological/ENT,"How long does each episode last - seconds, minutes, or hours?",BPPV episodes are typically brief (<1 minute)
D22,Vertigo (Benign Paroxysmal Positional Vertigo),Neurological/ENT,"Do you have any hearing loss, ringing in the ears, or ear fullness?",Screen for Meniere's disease or other inner ear pathology
D22,Vertigo (Benign Paroxysmal Positional Vertigo),Neurological/ENT,"Have you had any weakness, slurred speech, double vision, or difficulty walking along with the dizziness?",Screen for central (stroke-related) cause - red flag
D22,Vertigo (Benign Paroxysmal Positional Vertigo),Neurological/ENT,Do you have nausea or vomiting with the episodes?,Assess associated autonomic symptoms
D22,Vertigo (Benign Paroxysmal Positional Vertigo),Neurological/ENT,"Have you had similar episodes before, and did they resolve on their own?",Assess recurrence and course
D22,Vertigo (Benign Paroxysmal Positional Vertigo),Neurological/ENT,"Do you have high blood pressure, diabetes, or heart disease?",Assess vascular risk factors relevant to central causes
D23,Non-specific Low Back Pain,Musculoskeletal,"When did the pain start, and was there a specific triggering event (lifting, injury, prolonged activity)?",Identify mechanical trigger
D23,Non-specific Low Back Pain,Musculoskeletal,"Does the pain radiate down your leg, and is there any numbness, tingling, or weakness?",Screen for nerve root involvement (sciatica)
D23,Non-specific Low Back Pain,Musculoskeletal,"Have you had any loss of bladder or bowel control, or numbness in the groin area?",Screen for cauda equina syndrome - surgical emergency
D23,Non-specific Low Back Pain,Musculoskeletal,Is the pain worse at night or unrelieved by rest?,"Red flag for infection, malignancy, or inflammatory cause"
D23,Non-specific Low Back Pain,Musculoskeletal,"Do you have fever, unexplained weight loss, or a history of cancer?",Screen for serious underlying pathology
D23,Non-specific Low Back Pain,Musculoskeletal,"What is your occupation, and does it involve heavy lifting or prolonged sitting/standing?",Identify occupational contributing factors
D23,Non-specific Low Back Pain,Musculoskeletal,Have you had similar back pain episodes before?,Assess recurrence pattern
D23,Non-specific Low Back Pain,Musculoskeletal,What movements or positions make the pain better or worse?,Assess mechanical pattern to guide management
D24,Iron Deficiency Anemia,Hematological,"How long have you felt tired, weak, or short of breath?",Establish onset/chronicity
D24,Iron Deficiency Anemia,Hematological,For women: are your menstrual periods heavy or prolonged?,Identify major cause of iron deficiency in reproductive-age women
D24,Iron Deficiency Anemia,Hematological,"Have you noticed any blood in your stool, or black tarry stools?",Screen for occult GI blood loss
D24,Iron Deficiency Anemia,Hematological,"What does your typical diet look like - do you eat meat, iron-rich vegetables regularly?",Assess dietary iron intake
D24,Iron Deficiency Anemia,Hematological,Are you currently pregnant or breastfeeding?,Assess increased iron demand states
D24,Iron Deficiency Anemia,Hematological,"Do you have any craving for unusual substances like ice, dirt, or starch?","Screen for pica, a classic iron-deficiency symptom"
D24,Iron Deficiency Anemia,Hematological,Have you had worm infestation or lived in an area where this is common?,"Assess for hookworm-related blood loss, relevant in rural Java"
D24,Iron Deficiency Anemia,Hematological,Have you had this checked before (hemoglobin/blood test)?,Establish prior diagnostic history
D25,Chronic Kidney Disease,Renal,"Do you have a history of diabetes or hypertension, and how well controlled are they?",Identify the two leading causes of CKD
D25,Chronic Kidney Disease,Renal,"Have you noticed any swelling in your legs, face, or around your eyes?",Assess for fluid retention
D25,Chronic Kidney Disease,Renal,"Have you noticed foamy/frothy urine, or a change in how much you urinate?",Screen for proteinuria and renal function changes
D25,Chronic Kidney Disease,Renal,"Do you take painkillers (NSAIDs) frequently, or any herbal/jamu remedies regularly?",Identify nephrotoxic exposures common in self-medication practices
D25,Chronic Kidney Disease,Renal,Do you have a family history of kidney disease?,"Assess genetic risk (e.g., polycystic kidney disease)"
D25,Chronic Kidney Disease,Renal,"Have you had any previous blood tests showing kidney problems (creatinine, eGFR)?",Establish prior diagnostic history/staging
D25,Chronic Kidney Disease,Renal,"Do you feel unusually tired, itchy, or have poor appetite?",Screen for uremic symptoms
D25,Chronic Kidney Disease,Renal,"Have you ever had kidney stones, urinary infections, or blockage problems?",Identify structural/obstructive contributing causes
D26,Chronic Obstructive Pulmonary Disease (COPD),Respiratory,"Do you have a long-standing cough with phlegm, and for how many years?",Assess chronic bronchitis pattern (cough >3 months/year for 2+ years)
D26,Chronic Obstructive Pulmonary Disease (COPD),Respiratory,"Do you smoke, or have you smoked in the past? How many years/packs?",Major risk factor assessment
D26,Chronic Obstructive Pulmonary Disease (COPD),Respiratory,"Are you exposed to cooking smoke from wood/biomass fuel, or workplace dust/fumes?",Identify non-smoking risk factors relevant in rural Java households
D26,Chronic Obstructive Pulmonary Disease (COPD),Respiratory,"How far can you walk before feeling breathless, and has this changed over time?",Assess functional severity/progression
D26,Chronic Obstructive Pulmonary Disease (COPD),Respiratory,How many times in the past year have you had a flare-up needing extra medication or hospital visits?,Assess exacerbation frequency for severity classification
D26,Chronic Obstructive Pulmonary Disease (COPD),Respiratory,Have you had a diagnosis of asthma in childhood?,Assess for asthma-COPD overlap
D26,Chronic Obstructive Pulmonary Disease (COPD),Respiratory,"Are you currently using any inhalers, and do you know how to use them correctly?",Assess treatment and technique
D26,Chronic Obstructive Pulmonary Disease (COPD),Respiratory,Have you had any swelling in your legs or unusual fatigue?,Screen for cor pulmonale/right heart strain
D27,Allergic Rhinitis,ENT/Allergy,"How long have you had these symptoms, and do they come and go or are they constant?",Assess chronicity/pattern (perennial vs seasonal)
D27,Allergic Rhinitis,ENT/Allergy,"What seems to trigger your symptoms - dust, cold air, pets, specific seasons, or environments?",Identify allergen triggers
D27,Allergic Rhinitis,ENT/Allergy,"Do you have itchy eyes, throat, or skin along with the nasal symptoms?",Support allergic vs infectious etiology
D27,Allergic Rhinitis,ENT/Allergy,"Do you or your family have a history of asthma, eczema, or allergies?",Assess atopic predisposition
D27,Allergic Rhinitis,ENT/Allergy,"Is the discharge clear and watery, or thick and colored?",Differentiate allergic from infectious rhinitis/sinusitis
D27,Allergic Rhinitis,ENT/Allergy,Do symptoms affect your sleep or daily activities?,Assess severity/impact for treatment intensity
D27,Allergic Rhinitis,ENT/Allergy,Have you tried any antihistamines or nasal sprays? Did they help?,Assess prior treatment response
D28,Atopic/Contact Dermatitis,Dermatological,"Where on the body is the rash, and is it itchy?",Localize and assess key symptom (pruritus)
D28,Atopic/Contact Dermatitis,Dermatological,"Have you started using any new soap, detergent, cosmetic, or come into contact with a new substance recently?",Identify contact allergen/irritant
D28,Atopic/Contact Dermatitis,Dermatological,"Do you have a personal or family history of eczema, asthma, or allergies?",Assess atopic predisposition
D28,Atopic/Contact Dermatitis,Dermatological,"How long have you had this rash, and has it happened before in the same pattern?",Assess chronicity/recurrence
D28,Atopic/Contact Dermatitis,Dermatological,"Does sweating, heat, or certain fabrics make it worse?",Identify aggravating factors relevant to tropical climate
D28,Atopic/Contact Dermatitis,Dermatological,"Is there any oozing, pus, or increasing redness and warmth?",Screen for secondary bacterial infection
D28,Atopic/Contact Dermatitis,Dermatological,"What have you used to treat it so far, including any topical steroids?",Assess prior treatment and response
D29,Scabies,Dermatological/Infectious,"Where is the itching worst, and is it worse at night?","Classic distribution (finger webs, wrists, groin) and nocturnal itch pattern"
D29,Scabies,Dermatological/Infectious,"Does anyone else in your household, dormitory, or close contacts have similar itching?",Assess for common exposure - scabies spreads with close contact
D29,Scabies,Dermatological/Infectious,Can you see small burrow lines or tiny bumps on the skin?,Identify characteristic scabies burrows
D29,Scabies,Dermatological/Infectious,"How long have you had the itching, and has it been getting worse?",Assess chronicity/progression
D29,Scabies,Dermatological/Infectious,"Do you live in a crowded setting such as a boarding school, dormitory, or shared housing?",Identify high-risk living situation
D29,Scabies,Dermatological/Infectious,"Have you shared clothing, bedding, or towels with someone who has similar symptoms?",Assess fomite transmission risk
D29,Scabies,Dermatological/Infectious,"Is there any pus, crusting, or spreading redness at the itchy sites?",Screen for secondary bacterial skin infection
D30,Tinea (Fungal Skin Infection),Dermatological/Infectious,"Where is the rash located, and does it have a ring-like shape with a clearer center?",Identify classic tinea morphology
D30,Tinea (Fungal Skin Infection),Dermatological/Infectious,"Is the area itchy, and does sweating or heat make it worse?",Assess symptom pattern relevant to tropical climate
D30,Tinea (Fungal Skin Infection),Dermatological/Infectious,"How long have you had this rash, and has it spread?",Assess chronicity/spread
D30,Tinea (Fungal Skin Infection),Dermatological/Infectious,"Do you share clothing, towels, or have close contact with pets or others with similar skin issues?","Assess transmission source (fomites, animals, person-to-person)"
D30,Tinea (Fungal Skin Infection),Dermatological/Infectious,Have you used any antifungal or steroid creams already? Did symptoms improve or worsen?,Assess prior treatment - steroid use can worsen tinea (tinea incognito)
D30,Tinea (Fungal Skin Infection),Dermatological/Infectious,Do you have diabetes or any condition affecting your immune system?,Identify risk factors for more extensive/recurrent infection
D30,Tinea (Fungal Skin Infection),Dermatological/Infectious,"Do you sweat heavily or wear tight/non-breathable clothing for long periods (e.g., for work)?",Identify contributing environmental factors
D31,Urinary Tract Infection,Genitourinary,"Do you have burning or pain when urinating, and how often are you urinating?",Confirm classic lower UTI symptoms
D31,Urinary Tract Infection,Genitourinary,"Do you have any fever, chills, or pain in your back/flank?",Screen for upper tract involvement (pyelonephritis) - red flag
D31,Urinary Tract Infection,Genitourinary,"Have you noticed blood or cloudiness in your urine, or an unusual smell?",Assess for hematuria and infection severity
D31,Urinary Tract Infection,Genitourinary,Is there a chance you could be pregnant?,Pregnancy changes management urgency and antibiotic choice
D31,Urinary Tract Infection,Genitourinary,Have you had UTIs before? How frequently do they recur?,Assess for recurrent UTI requiring further workup
D31,Urinary Tract Infection,Genitourinary,"How much water do you drink daily, and do you tend to hold your urine for long periods?",Identify contributing behavioral factors
D31,Urinary Tract Infection,Genitourinary,Do you have diabetes or any condition affecting your immune system?,Identify risk factors for complicated UTI
D31,Urinary Tract Infection,Genitourinary,For men: any history of prostate problems or difficulty with urine flow?,Assess for structural/obstructive cause in male UTI
D32,Otitis Media,ENT,"Do you have ear pain, and is it in one ear or both?",Localize and assess laterality
D32,Otitis Media,ENT,Have you noticed any discharge from the ear?,Assess for tympanic membrane perforation
D32,Otitis Media,ENT,Do you have fever or reduced hearing?,Assess severity and associated symptoms
D32,Otitis Media,ENT,Did this start after a cold or upper respiratory infection?,Identify common precipitating cause
D32,Otitis Media,ENT,"For a child: has the child been pulling at the ear, unusually irritable, or feeding poorly?",Assess indirect symptoms in young children who cannot verbalize pain
D32,Otitis Media,ENT,Is there any swelling or tenderness behind the ear?,"Screen for mastoiditis, a serious complication"
D32,Otitis Media,ENT,"Has water entered the ear recently (swimming, bathing)?",Assess for otitis externa as an alternative diagnosis
D33,Pharyngitis / Tonsillitis,ENT/Infectious,"How long have you had the sore throat, and how severe is the pain when swallowing?",Establish onset and severity
D33,Pharyngitis / Tonsillitis,ENT/Infectious,"Do you have fever, and how high?",Assess systemic involvement
D33,Pharyngitis / Tonsillitis,ENT/Infectious,Have you noticed any white or yellow patches on your tonsils?,Screen for possible bacterial (streptococcal) tonsillitis
D33,Pharyngitis / Tonsillitis,ENT/Infectious,Do you have swollen or tender glands in your neck?,"Assess lymphadenopathy, supports infectious etiology"
D33,Pharyngitis / Tonsillitis,ENT/Infectious,"Do you have any difficulty breathing, swallowing your saliva, or opening your mouth wide?",Screen for airway-threatening complications - red flag
D33,Pharyngitis / Tonsillitis,ENT/Infectious,Have you been in contact with anyone with a similar sore throat recently?,Assess exposure/transmission pattern
D33,Pharyngitis / Tonsillitis,ENT/Infectious,How often do you get throat infections like this in a year?,Assess for recurrent tonsillitis needing ENT referral
D34,Conjunctivitis,Ophthalmological,"Is one eye affected or both, and did it start in one eye and spread to the other?","Assess laterality/spread pattern, relevant for viral vs bacterial vs allergic"
D34,Conjunctivitis,Ophthalmological,"What does the discharge look like - watery, or thick and yellow/green?",Differentiate viral/allergic (watery) from bacterial (purulent) conjunctivitis
D34,Conjunctivitis,Ophthalmological,"Is there any eye pain, or just itching/irritation?",Significant pain is a red flag requiring urgent eye assessment
D34,Conjunctivitis,Ophthalmological,Have you noticed any change in your vision?,Screen for vision-threatening conditions requiring urgent referral
D34,Conjunctivitis,Ophthalmological,Are you sensitive to light?,Photophobia may indicate more serious ocular involvement
D34,Conjunctivitis,Ophthalmological,Has anyone around you had similar red/itchy eyes recently?,"Assess for contagious spread, common with viral conjunctivitis"
D34,Conjunctivitis,Ophthalmological,"Do you wear contact lenses, or have you had any injury or object in the eye?",Identify risk factors for more serious corneal involvement
D34,Conjunctivitis,Ophthalmological,Do you have any seasonal allergies or history of allergic conjunctivitis?,Assess for allergic etiology
D35,Malaria,Infectious,"Do you live in or have you recently traveled to a malaria-endemic area (e.g., southern coastal Java, other islands)?",Establish exposure risk - essential for malaria suspicion
D35,Malaria,Infectious,Does your fever come in cycles with chills/shivering followed by sweating?,Assess for classic paroxysmal fever pattern
D35,Malaria,Infectious,Have you had malaria before?,Assess for possible relapse (P. vivax/ovale)
D35,Malaria,Infectious,"Do you sleep under a mosquito net, or use mosquito repellent?",Assess exposure prevention practices
D35,Malaria,Infectious,"Have you noticed yellowing of your eyes/skin, dark urine, or confusion?",Screen for severe/complicated malaria - red flags
D35,Malaria,Infectious,Have you taken any antimalarial treatment already?,"Assess prior treatment, guides further management"
D35,Malaria,Infectious,"Do you have a headache, muscle aches, or feel extremely fatigued?",Assess associated symptom burden
D36,Chikungunya Fever,Infectious,"When did the fever start, and how severe is your joint pain?",Establish onset and hallmark symptom severity
D36,Chikungunya Fever,Infectious,"Which joints are painful, and is the pain symmetric on both sides?","Chikungunya classically causes severe, often symmetric polyarthralgia"
D36,Chikungunya Fever,Infectious,Have you noticed any skin rash?,Common associated feature
D36,Chikungunya Fever,Infectious,Has anyone in your neighborhood recently been diagnosed with chikungunya or dengue?,Assess local outbreak context
D36,Chikungunya Fever,Infectious,"Do you have any bleeding, severe abdominal pain, or persistent vomiting?","Screen for dengue warning signs, since co-circulation is common"
D36,Chikungunya Fever,Infectious,How long has the joint pain lasted?,Chikungunya joint pain can persist for weeks to months (chronic phase)
D36,Chikungunya Fever,Infectious,Have you been able to move around and perform daily activities?,Assess functional impact of joint symptoms
D37,Intestinal Worm Infestation (Helminthiasis),Infectious/Gastrointestinal,Have you noticed any worms in your stool?,Direct evidence of infestation
D37,Intestinal Worm Infestation (Helminthiasis),Infectious/Gastrointestinal,"Do you have abdominal pain, bloating, or poor appetite?",Assess GI symptom burden
D37,Intestinal Worm Infestation (Helminthiasis),Infectious/Gastrointestinal,"For a child: has there been poor weight gain, growth delay, or reduced energy/concentration at school?","Assess nutritional/developmental impact, key in pediatric cases"
D37,Intestinal Worm Infestation (Helminthiasis),Infectious/Gastrointestinal,"Is there itching around the anus, especially at night?",Classic pinworm symptom
D37,Intestinal Worm Infestation (Helminthiasis),Infectious/Gastrointestinal,"Do you or your household typically walk barefoot on soil, or how is your access to clean water and sanitation (toilets)?",Assess soil-transmitted helminth exposure risk
D37,Intestinal Worm Infestation (Helminthiasis),Infectious/Gastrointestinal,"Have you taken deworming medication before, and when was the last dose?",Assess prior treatment/prevention history
D37,Intestinal Worm Infestation (Helminthiasis),Infectious/Gastrointestinal,Do you eat raw or undercooked meat/fish?,Assess risk for tapeworm infection specifically
D38,Leptospirosis,Infectious,"Have you had any recent contact with flood water, or waded through standing water?",Establish key exposure - critical during Java's flood season
D38,Leptospirosis,Infectious,"Do you have severe muscle pain, especially in your calves?",Classic leptospirosis symptom
D38,Leptospirosis,Infectious,Have you noticed your eyes look red without discharge?,"Screen for conjunctival suffusion, a hallmark sign"
D38,Leptospirosis,Infectious,"Have you noticed yellowing of your skin or eyes, or dark urine?",Screen for hepatic/renal involvement - red flag for severe disease (Weil's disease)
D38,Leptospirosis,Infectious,"How much are you urinating, and has this changed recently?",Assess for renal involvement
D38,Leptospirosis,Infectious,"Do you work in an environment with exposure to rodents, contaminated water, or agriculture/sanitation work?",Assess occupational exposure risk
D38,Leptospirosis,Infectious,Have you had any cough or difficulty breathing?,"Screen for pulmonary hemorrhage, a severe complication"
D39,Hepatitis A,Infectious/Gastrointestinal,"Have you noticed yellowing of your eyes or skin, or dark-colored urine?","Assess for jaundice, a hallmark sign"
D39,Hepatitis A,Infectious/Gastrointestinal,"Do you have nausea, poor appetite, or fatigue?",Assess prodromal symptom pattern
D39,Hepatitis A,Infectious/Gastrointestinal,"Have you eaten food from street vendors, shellfish, or water from an uncertain source recently?",Identify fecal-oral transmission source
D39,Hepatitis A,Infectious/Gastrointestinal,Has anyone around you recently had similar symptoms or been diagnosed with hepatitis?,Assess for common-source outbreak
D39,Hepatitis A,Infectious/Gastrointestinal,Do you have pain in the upper right side of your abdomen?,Assess for liver involvement/hepatomegaly
D39,Hepatitis A,Infectious/Gastrointestinal,Have you traveled recently to an area with poor sanitation?,Assess travel-related exposure
D39,Hepatitis A,Infectious/Gastrointestinal,Have you had a hepatitis A vaccination before?,Assess immunization status
D39,Hepatitis A,Infectious/Gastrointestinal,"Do you drink alcohol, or take any medications that could affect the liver?",Assess additional hepatotoxic risk factors
D40,Post-Stroke Follow-up / Chronic Sequelae,Neurological,"When was your stroke, and what part of your body was affected?",Establish history and baseline deficit
D40,Post-Stroke Follow-up / Chronic Sequelae,Neurological,"Have you noticed any new or worsening weakness, numbness, or speech difficulty since your last visit?",Screen for new stroke/TIA or progression - urgent if positive
D40,Post-Stroke Follow-up / Chronic Sequelae,Neurological,"Are you taking your blood pressure, diabetes, and cholesterol medications regularly?",Assess secondary prevention adherence
D40,Post-Stroke Follow-up / Chronic Sequelae,Neurological,"Do you have any difficulty swallowing, or have you had choking episodes while eating?",Screen for dysphagia and aspiration risk
D40,Post-Stroke Follow-up / Chronic Sequelae,Neurological,"How is your mood - have you felt persistently sad, hopeless, or lost interest in activities?","Screen for post-stroke depression, common and under-recognized"
D40,Post-Stroke Follow-up / Chronic Sequelae,Neurological,Are you attending physiotherapy or rehabilitation? How is your progress with mobility?,Assess rehabilitation engagement and functional recovery
D40,Post-Stroke Follow-up / Chronic Sequelae,Neurological,"Do you smoke, and how is your blood pressure and blood sugar control currently?",Assess ongoing modifiable risk factors for recurrence
D40,Post-Stroke Follow-up / Chronic Sequelae,Neurological,Have you had any falls recently?,Assess safety risk related to balance/gait impairment
